phase,milestone,start_week,duration_weeks,owner,dependencies,deliverables,success_criteria,budget,risk_level
Phase 0,Project Initiation,1,2,PM,[],"['Project charter', 'Team assembly', 'Stakeholder alignment']","['Team hired', 'Budget approved', 'Stakeholders aligned']",500000,Low
Phase 0,Stakeholder Partnerships,3,4,BD,['Project Initiation'],"['Private security MoUs', 'Bank partnerships', 'Insurance agreements']","['3+ security partners', '2+ bank partnerships', '2+ insurance partners']",300000,Medium
Phase 0,Technical Foundation,1,8,Tech Lead,[],"['Infrastructure setup', 'Database design', 'API framework']","['Cloud infrastructure ready', 'Database deployed', 'API endpoints functional']",800000,Medium
Phase 0,MVP ANPR System,4,6,ML Engineer,['Technical Foundation'],"['ANPR model training', 'Edge deployment', 'Real-time processing']","['95%+ ANPR accuracy', '50ms inference time', '10+ edge devices deployed']",600000,High
Phase 0,Mobile App MVP,6,8,Mobile Dev,['Technical Foundation'],"['Android app', 'iOS app', 'Citizen reporting features']","['App store approval', '1000+ downloads', '50+ daily active users']",400000,Medium
Phase 0,Pilot Deployment,10,4,Ops Team,"['MVP ANPR System', 'Mobile App MVP', 'Stakeholder Partnerships']","['Sandton CBD deployment', 'User training', 'Performance monitoring']","['20+ edge devices active', '30% detection improvement', 'User satisfaction >80%']",300000,High
Phase 1,Advanced ML Models,14,12,ML Engineer,['Pilot Deployment'],"['Gunshot detection', 'Weapon detection', 'Behavioral analysis']","['90%+ gunshot accuracy', '85%+ weapon detection', 'Real-time processing']",1200000,High
Phase 1,Threat Intelligence Integration,16,10,Security Engineer,['Technical Foundation'],"['Cyber threat feeds', 'OSINT integration', 'Threat correlation']","['5+ threat feeds integrated', 'Real-time correlation', 'Automated alerts']",800000,Medium
Phase 1,Bank Integration,18,8,Integration Engineer,['Stakeholder Partnerships'],"['Fraud detection API', 'Real-time alerts', 'Cross-domain correlation']","['2+ banks integrated', 'Fraud detection working', 'Response time <5min']",1000000,High
Phase 1,Scale to 3 Cities,20,16,Ops Team,"['Advanced ML Models', 'Threat Intelligence Integration']","['Cape Town deployment', 'Durban deployment', 'Performance optimization']","['100+ edge devices', '3 cities active', '40% detection improvement']",2000000,Medium
Phase 2,National Infrastructure,36,20,Infrastructure Team,['Scale to 3 Cities'],"['Multi-region deployment', 'Load balancing', 'Disaster recovery']","['9 provinces covered', '99.9% uptime', 'Auto-scaling working']",3000000,Medium
Phase 2,Advanced Analytics,40,16,Data Scientist,['National Infrastructure'],"['Predictive analytics', 'Crime forecasting', 'Pattern recognition']","['80%+ prediction accuracy', 'Real-time forecasting', 'Pattern detection']",1500000,High
Phase 2,Law Enforcement Gateway,44,12,Legal/Compliance,['Advanced Analytics'],"['LE portal', 'Audit trails', 'Legal compliance']","['Legal approval', 'Audit compliance', 'LE adoption']",2000000,High
Phase 2,Full Ecosystem Integration,48,20,Integration Team,['Law Enforcement Gateway'],"['All banks integrated', 'Insurance integration', 'Government systems']","['10+ banks', '5+ insurers', 'Government approval']",3500000,Medium
Phase 3,National Rollout,68,24,Ops Team,['Full Ecosystem Integration'],"['National deployment', 'User training', 'Support systems']","['500+ edge devices', '50,000+ users', '45% crime reduction']",5000000,Low
